"diff_eyes", "eyes_cosine", "mean_left_vel_x", ""mean_left_vel_y", ""mean_right_vel_x", ""mean_right_vel_y", "button1", "button2", "button3", "button4"
1, 0.3360247612, 0.00672414666042, -0.0590008050203, -0.00263954233378, 0.000592070748098, 0, 0, 0, 0
1, 0.854503214359, 0.670344471931, -1.28706800938, -0.029607038945, -0.0948590487242, 0, 0, 0, 0
0.946243553162, 0.527760958299, 0.0532256215811, -0.0759078040719, 0.0760753527284, 0.047269616276, 0, 0, 0, 0
0.996730575562, 0.997952669859, -9.04483895283e-05, 0.00386309088208, -0.00161749322433, 0.0141351474449, 0, 0, 0, 0
